Variable,3.000000 km,total,Beyond
B01003_001E : B01003.  Total Population : Total,8719566.953635149,307727594,299008027.04636484
B00001_001E : B00001.  Unweighted Sample Count of the Population : Total,567448.6108631942,22904459,22337010.389136806
