Variable,3.000000 km,total,Beyond
C17002_001E : C17002.  Ratio of Income to Poverty Level in the Past 12 Months : Total:,8423047.168627048,299856106,291433058.831373
C17002_003E : C17002.  Ratio of Income to Poverty Level in the Past 12 Months : .50 to .99,931395.700969137,23893357,22961961.299030863
C17002_002E : C17002.  Ratio of Income to Poverty Level in the Past 12 Months : Under .50,724965.8184179344,18704526,17979560.181582067
C17002_005E : C17002.  Ratio of Income to Poverty Level in the Past 12 Months : 1.25 to 1.49,488417.0783826923,13914450,13426032.921617307
C17002_004E : C17002.  Ratio of Income to Poverty Level in the Past 12 Months : 1.00 to 1.24,497866.42468781007,13558766,13060899.57531219
C17002_007E : C17002.  Ratio of Income to Poverty Level in the Past 12 Months : 1.85 to 1.99,258652.67637166576,8095564,7836911.323628334
C17002_006E : C17002.  Ratio of Income to Poverty Level in the Past 12 Months : 1.50 to 1.84,634815.412920298,19236804,18601988.587079704
C17002_008E : C17002.  Ratio of Income to Poverty Level in the Past 12 Months : 2.00 and over,4886934.056877507,202452639,197565704.9431225
